id,name,hp,prot,mr,mor,str,att,def,prec,enc,mapmove,ap,size,ressize,basecost,rcost,reclimit,rt,leader,undeadleader,magicleader,startage,maxage,F,A,W,E,S,D,N,G,B,H,rand1,nbr1,link1,mask1,rand2,nbr2,link2,mask2,rand3,nbr3,link3,mask3,rand4,nbr4,link4,mask4,wpn1,wpn2,wpn3,wpn4,wpn5,wpn6,wpn7,armor1,armor2,armor3,armor4,resources,reinvigoration,awe,fear,berserk,darkvision,heat,cold,poisonres,fireres,coldres,shockres,slashres,bluntres,pierceres,acidres,regeneration,iceprot,invulnerable,fireshield,banefireshield,standard,inspirational,taskmaster,beastmaster,bodyguard,supplybonus,patrolbonus,pillagebonus,siegebonus,researchbonus,castledef,stealthy,taxcollector,alch,forgebonus,nametype,startdom,keywords
109,Dagon,119,16,18,30,30,15,10,8,2,20,10,9,9,10000,1,,1,200,,,,,,,1,2,,,,,,,,,,,,,,,,,,,,,,,609,821,823,,,,,,,,,,,,5,,100,,,15,,,,,,,,,,,,,,,,,,,,,,,,,,,,,3,"amphibian, waterbreathing"
120,Moloch,66,20,18,30,21,13,13,13,1,20,14,9,9,10000,1,,1,200,100,,,,2,,,,,,,,1,,,,,,,,,,,,,,,,,,824,824,,,,,,,,,,,,,5,,,3,,,25,,,,,,,,,,,,,,,,,,,,,,,,,,,140,2,"demon, wastesurvival, flying, neednoteat"
134,Royal Guard,12,0,10,14,11,12,12,10,3,14,12,3,3,10020,1,,1,50,,,,,,,,,,,,,,,,,,,,,,,,,,,,,,,4,8,,,,,,19,21,3,,,,,,,,,,,,,,,,,,,,,,,,,,,3,,,,,,,,,,,,,bodyguard
138,Gorgon,30,9,18,30,13,12,10,10,2,20,10,6,6,10000,1,,1,150,,,,,,,,2,,,1,,,,,,,,,,,,,,,,,,,,166,38,,,,,,,,,,,,,10,,,,,15,,,,,,,,,,,,,,,,,,,,,,,,,,,,110,2,"female, forestsurvival, flying, petrify"
157,Mother of Monsters,110,10,18,30,20,14,10,13,2,2,8,9,9,10000,1,,1,150,,,,,,,,,,1,1,,1,,,,,,,,,,,,,,,,,,92,,,,,,,,,,,,,,,,,,,25,,,,,,,,,,,,,,,,,,,,,,,,,,,,,3,"coldblood, female, swampsurvival, poisoncloud, swimming, crossbreeder"
158,Oracle,30,25,18,30,15,5,0,10,0,0,2,10,10,10000,1,,1,200,,,,,,,2,,,,,1,,,,,,,,,,,,,,,,,,,,,,,,,,,,,,,,,,,,,,,,,,1,,1,,,,,,,,,,,,,,,,,,,,,,107,4,"inanimate, immobile, neednoteat, blind, spiritsight"
159,Monument,500,30,18,30,20,5,0,10,0,0,2,10,10,10000,1,,1,200,,,,,,,,2,1,,,,,,,,,,,,,,,,,,,,,,,,,,,,,,,,,,,,,,,,,25,,,,1,,1,,,,,,,,,,,,,,,,,,,,,,,4,"inanimate, stonebeing, amphibian, immobile, neednoteat, blind, spiritsight"
179,Master Lich,30,5,18,30,15,13,10,13,0,20,10,3,3,10000,1,,1,50,100,,,,,,,,,3,,,,,,,,,,,,,,,,,,,,,172,,,,,,,148,,,,,,,,,,,,25,-10,15,,,,1,,,,25,,,,,,,,,,,,,,,,,,,2,"inanimate, undead, pooramphibian, immortal, neednoteat, spiritsight"
180,Demilich,3,0,18,30,5,4,4,14,0,0,2,1,1,10020,1,,1,10,150,,,,,,,,,3,,,,,,,,,,,,,,,,,,,,,,,,,,,,,,,,,,,,,,,,25,,25,,1,,1,,,,30,,,,,,,,,,,,,,,,,,,3,"inanimate, undead, pooramphibian, immobile, immortal, neednoteat, spiritsight"
215,Virtue,39,0,18,30,13,13,13,15,1,4,18,6,6,10000,1,,1,150,,50,,,1,2,,,,,,,,,,,,,,,,,,,,,,,,,95,,,,,,,,,,,,,5,,,,,,,15,,15,,,,,,,25,,,,,,,,,,,,,,,,,,139,2,"magicbeing, female, flying, spiritsight"
248,Arch Mage,10,0,18,30,10,10,11,14,3,14,10,3,3,10000,1,,1,100,,,,,,,1,,,,,,,,,,,,,,,,,,,,,,,,7,,,,,,,,,,,,,,,,50,,,,,,,,,,,,,,,,,,,,,,,,,,,,,,,,1,aquatic
250,Frost Father,10,0,18,30,10,10,10,14,3,14,10,3,3,10000,1,,1,100,,,,,,1,1,,,,,,,,,,,,,,,,,,,,,,,,7,,,,,,,,,,,,,,,,,,10,,,25,,,,,,,,,,,,,,,,,,,,,,,,,,,1,"snowmove, coldpower"
269,Wyrm,160,15,18,30,25,15,10,10,2,14,10,10,10,10000,1,,1,100,,,,,,,1,1,,,,,,,,,,,,,,,,,,,,,,,827,827,,,,,,,,,,,,,5,,,,,15,,,,,,,,10,,,,,,,,,,,,,,-8,,,,,,,2,"swampsurvival, amphibian, swimming"
294,Nerid,82,6,18,30,14,12,12,12,3,2,15,9,9,10000,1,,1,150,,,,,,,1,,,,2,,,,,,,,,,,,,,,,,,,,92,,,,,,,,,,,,,,,,,,,,,,,,,,,,,,,,,,,,,,,,,,,,,,,160,3,"female, aquatic"
320,Grand Saurolich,33,7,18,30,15,13,10,13,0,20,10,3,3,10000,1,,1,100,100,,,,,,,,,3,,,,,,,,,,,,,,,,,,,,,29,,,,,,,,,,,,,,,,,,,25,-10,15,,,,1,,,,25,,,,,,,,,,,,,,,,,,,2,"inanimate, undead, swampsurvival, pooramphibian, immortal, neednoteat, spiritsight, swimming"
383,Prince of Death,66,3,18,30,21,13,13,13,0,20,14,9,9,10000,1,,1,100,200,,,,,,,,,3,,,,,,,,,,,,,,,,,,,,,92,,,,,,,158,,,,,,,10,,,,,25,,15,,,,,,,,,,,,,,,,,,,,,,,,,,,2,"undead, flying, neednoteat, spiritsight, dreanimator"
395,Lich Queen,18,5,18,30,12,10,10,13,0,20,10,3,3,10000,1,,1,50,100,,,,,,,,,3,,,,,,,,,,,,,,,,,,,,,59,,,,,,,,,,,,,,,,,,,25,-10,15,,,,1,,,,25,,,,,,,,,,,,,,,,,,,2,"inanimate, undead, female, pooramphibian, immortal, neednoteat, spiritsight"
401,Bitch Queen,25,6,18,30,16,15,14,5,2,16,15,4,4,9990,1,,1,100,,,,,,,,,,,1,,,,,,,,,,,,,,,,,,,,20,29,29,,,,,,,,,,,,,,,,,,,,,,,,,10,,15,,,,,,,,,,,,,,,,,,,1,"female, forestsurvival"
472,Statue of Order,100,25,18,30,15,5,0,10,0,0,2,8,8,10000,1,,1,200,,,,,,,,1,2,,,,,,,,,,,,,,,,,,,,,,,,,,,,,,,,,,,,,,,,,25,,,,1,,1,,,,,,,,,,,,,,,,,,,,,,,4,"inanimate, stonebeing, amphibian, immobile, neednoteat, blind, spiritsight"
486,Great Warlock,19,0,18,30,14,10,9,9,2,14,9,4,4,10000,1,,1,100,10,,,,,,,,,,,,1,,,,,,,,,,,,,,,,,,7,,,,,,,,,,,,,,,,50,3,,,25,,,,,,,,,,,,,,,,,,,,,,,,,,,,1,"wastesurvival, crossbreeder"
499,Nataraja,84,3,18,30,22,12,14,12,3,20,17,9,9,10000,1,,1,200,,,,,1,,,1,1,,,,,,,,,,,,,,,,,,,,,,467,391,,,,,,,,,,,,,,,,,,,15,,,,,,,,,,10,,,,,,,,,,,,,,,,,129,3,
500,Skratti,39,5,18,30,22,12,10,13,3,16,16,6,6,10000,1,,1,100,,,,1000,,,,,,,,,1,,,,,,,,,,,,,,,,,,7,,,,,,,15,120,,,,,,,,,,,,,15,-5,,,,,,,,,,,,,,,,,,,,,,,,,,1,snowmove
509,Arch Seraph,9,0,18,30,8,10,9,14,4,20,8,4,3,9990,1,,1,100,,,,,,1,,,,,,,,,,,,,,,,,,,,,,,,,124,,,,,,,75,148,,,,,,,,,,,,,15,,,,,,,,,,,,,,,,,,,,,,,,,,,1,"flying, stormimmune"
546,Void Lurker,130,2,20,30,15,5,5,5,1,0,2,10,10,9980,1,,1,10,,200,,10000,,,,,3,,,,,,,,,,,,,,,,,,,,,,839,719,,,,,,,,,,,,,,,,,,15,,,,,1,1,,,,,,,,,,,,,,,,,,,,,,,4,"magicbeing, aquatic, immobile, neednoteat, ethereal, blind, voidsanity, spiritsight"
550,Master Alchemist,10,0,18,30,10,10,10,10,3,14,12,3,3,10000,1,,1,100,,,,,,,,1,,,,,,,,,,,,,,,,,,,,,,,9,,,,,,,,,,,,,,,,,,,,,,,,,,,,,,,,,,,,,,,,,,,,,,,,1,
605,Son of Niefel,90,8,18,30,28,14,14,12,2,20,16,9,9,10000,1,,1,150,,,,,,,2,,,1,,,,,,,,,,,,,,,,,,,,,37,,,,,,,15,28,,,,,,,,,,15,,,25,-5,,,,,,,,,,,,,,,,,,,,,,,,,,3,"snowmove, coldpower"
606,Great Mother,185,6,18,30,20,8,8,10,4,20,12,10,10,10000,1,,1,150,,,,,,,,1,,,2,,,,,,,,,,,,,,,,,,,,92,,,,,,,,,,,,,,,,,,,,,,,,,,,10,,,,,,,,,,,,,,,,,,,,,3,"female, forestsurvival, trample"
607,Baphomet,100,0,18,30,20,5,5,15,1,0,2,9,9,10000,1,,1,150,,100,,,1,,,,1,,,,1,,,,,,,,,,,,,,,,,,,,,,,,,,,,,,,,,,,15,,25,60,,,,,,,,,,14,,,,,,,,,,,,,,,,,,4,"magicbeing, wastesurvival, immobile, neednoteat, ethereal, spiritsight"
608,Phoenix,36,5,18,30,12,10,10,12,2,4,8,6,6,10000,1,,1,100,,100,,,1,1,,,,,,,,,,,,,,,,,,,,,,,,,825,,,,,,,,,,,,,,,,,3,,,25,,,,,,,,,,,,,,,,,,,,,-8,,,,,,,2,"flying, domimmortal, firepower"
643,Bog Mummy,65,5,18,30,24,12,9,10,0,20,12,6,6,10000,1,,1,50,100,,,,,,,,,1,,,1,,,,,,,,,,,,,,,,,,7,,,,,,,,,,,,,,5,,,,,25,-5,15,,,,,,,,20,,,,,,,,,,,,,,,,,,,2,"inanimate, undead, pooramphibian, immortal, neednoteat, spiritsight, snowmove"
644,Dracolich,180,9,18,30,27,16,10,10,0,20,10,10,10,220,1,,1,50,100,,,,,,,,,2,,,,,,,,,,,,,,,,,,,,,821,823,254,532,,,,,,,,,,,15,,,,,25,,15,,,,1,,,,20,,,,,,,,,,,,,,,,,,,2,"inanimate, undead, pooramphibian, flying, neednoteat, spiritsight, snowmove"
652,Void Lord,88,14,20,30,22,10,12,5,2,20,12,9,9,10000,1,,1,50,,150,,10000,,,1,,2,,,,,,,,,,,,,,,,,,,,,,636,824,839,,,,,,,,,,,,10,,,,,,,,,,,,,,,,,,,,,,,,,,,,,,,,,,3,"magicbeing, amphibian, neednoteat, blind, voidsanity, spiritsight"
653,Serpent King,12,2,18,30,11,11,11,12,3,14,12,3,3,10000,1,,1,150,,,,,,,,,,,1,,,,,,,,,,,,,,,,,,,,10,,,,,,,,,,,,,,,,,,,15,,,,,,,,,,,,,,,,,,,,,,,,,,,,,1,"coldblood, swampsurvival, swimming"
655,Scorpion King,57,19,18,30,16,14,10,9,3,3,12,8,8,10000,1,,1,100,,,,,1,,,1,,,,,,,,,,,,,,,,,,,,,,,838,838,557,92,,,,,,,,,,,5,,,,,15,15,,,,,,,,,,,,,,,,,,,,,,,,,,,101,2,wastesurvival
657,Monolith,200,28,18,30,15,5,0,5,0,0,2,10,10,10000,1,,1,150,,,,,,,,1,1,,1,,,,,,,,,,,,,,,,,,,,,,,,,,,,,,,,,,,,,,,25,,,,1,,1,,,,,,,,,,,,,,,,,,,,,,,4,"inanimate, stonebeing, amphibian, immobile, neednoteat, blind, spiritsight"
779,Rams-Headed Serpent,150,14,18,30,24,13,10,10,2,14,10,10,10,10000,1,,1,100,,,,,,,,,,,2,,,,,,,,,,,,,,,,,,,,828,,,,,,,,,,,,,,,,,,,15,,,,,,,,10,,,,,,,,3,,100,,,,-8,,,,,,,2,"forestsurvival, animalawe, beastmaster"
812,Lord of the Wild,90,8,18,30,25,12,12,10,2,20,18,9,9,10000,1,,1,150,,,,,,,,,,,2,,1,,,,,,,,,,,,,,,,,,92,829,831,,,,,,,,,,,,,5,,,,,,,,,,,,,,,,,,,,3,,,,,,,,40,,,,,3,"forestsurvival, stealthy, animalawe, beastmaster"
857,Smoking Mirror,14,0,18,30,11,12,12,10,3,14,12,3,3,10000,1,,1,100,,,,500,1,,,,,1,,,1,,,,,,,,,,,,,,,,,,671,,,,,,,148,,,,,,,,,,,,,15,,,,,,,,,,,,,,,,,,,,,,,,,,,123,1,"forestsurvival, spiritsight"
862,Vampire Queen,16,0,18,30,13,12,12,12,0,20,14,3,3,10000,1,,1,100,100,,,,,,,,,1,,,2,,,,,,,,,,,,,,,,,,63,,,,,,,,,,,,,,,,100,,,25,-5,15,,1,1,,,,,25,,,,,,,,,,,,,,40,,,,,1,"undead, female, flying, noriverpass, stealthy, immortal, neednoteat, reformingflesh"
872,Ghost King,35,0,18,30,14,12,18,12,0,20,12,3,3,10000,1,,1,10,50,,,,,,,,,1,,,,,,,,,,,,,,,,,,,,,59,,,,,,,148,,,,,,,10,,,,3,25,,25,,,,,,,,,,,,,,,,,,,,,,40,,,,,2,"undead, amphibian, float, stealthy, neednoteat, ethereal, spiritsight"
873,Great Seer of the Deeps,10,0,18,30,10,10,10,12,3,2,8,3,3,9990,1,,1,100,,,,,,,,,1,,,,,,,,,,,,,,,,,,,,,,7,,,,,,,,,,,,,,,,,,,,,,,,,,,,,,,,,,,,,,,,,,,,,,,,1,"amphibian, blind, spiritsight"
874,Divine Emperor,15,0,18,30,11,10,10,12,4,0,8,3,3,10000,1,,1,100,,,,,,,,,1,,,,,,,,,,,,,,,,,,,,,,92,,,,,,,,,,,,,,,,,,,,,,,,,,,,,,,,,,,,,,,,,,,,,,,106,2,immobile
957,Lord of The Desert Sun,90,3,18,30,24,14,13,13,2,20,16,9,9,10000,1,,1,150,,,,,2,,,,,,1,,,,,,,,,,,,,,,,,,,,315,822,,,,,,,,,,,,,,,50,,,,15,,,,,,,,,,,,,,,,,,,,,,,,,,,,3,"forestsurvival, wastesurvival"
961,Titan of the Sea,88,3,18,30,25,12,13,11,2,20,16,9,9,10000,1,,1,200,,,,,,,2,1,,,,,,,,,,,,,,,,,,,,,,,641,,,,,,,,,,,,,,,,,,,,,,,,,,,,,,,,,,,,,,,,,,,,,,,,3,"amphibian, waterbreathing"
973,Ancient Kraken,230,8,18,30,23,14,8,8,2,1,12,10,10,10000,1,,1,50,,100,,,,,,1,1,,,,,,,,,,,,,,,,,,,,,,835,835,835,835,342,,,,,,,,,,5,,100,,,10,,5,,,1,,,,,,,,,,,,,,,,,,,60,,,,,2,"aquatic, stealthy"
978,Great Black Bull,183,12,18,30,30,13,12,8,2,3,20,10,10,10000,1,,1,100,,,,,,,,,,,1,,1,,,,,,,,,,,,,,,,,,830,831,,,,,,,,,,,,,,7,,,,,,,,,,,,,,,,,,,,,,,,,,-8,,,,,,109,2,"forestsurvival, trample"
979,Great White Bull,181,12,18,30,30,13,12,8,2,3,20,10,10,10000,1,,1,100,,,,,,,,1,,,1,,,,,,,,,,,,,,,,,,,,830,831,,,,,,,,,,,,,,5,,,,,,,,,,,,,,,,,,,,,,100,,,,-8,,,,,,109,2,"forestsurvival, trample"
1025,Divine Glyph,50,0,18,30,20,5,5,15,1,0,2,10,10,10000,1,,1,150,,100,,,1,,,,2,,,,,,,,,,,,,,,,,,,,,,,,,,,,,,,,,,,,,,,5,,15,60,,,,,,,,,,,,,,,,,,,,,,,,,,,,4,"magicbeing, wastesurvival, float, immobile, neednoteat, ethereal, blind, eyeloss, spiritsight"
1026,Carrion Dragon,200,11,18,30,27,16,10,8,0,20,10,10,10,180,1,,1,50,100,10,,,,,,,,1,1,,,,,,,,,,,,,,,,,,,,71,71,873,873,821,823,532,,,,,,,,15,,,,,25,,5,,,,1,,,,,,,,,,,,,,,,,,,,,,109,2,"inanimate, undead, magicbeing, plant, forestsurvival, pooramphibian, neednoteat, spiritsight"
1097,Lord of The Summer Plague,90,3,18,30,24,14,13,13,2,20,16,9,9,10000,1,,1,150,,,,,1,,,,,2,,,,,,,,,,,,,,,,,,,,,438,92,822,,,,,,,,,,,,,,50,,,,15,,,,,,,,,,,,,,,,,,,,,,,,,,,113,3,"mountainsurvival, wastesurvival"
1229,Son of Fenrer,122,13,18,30,27,13,12,8,2,3,30,9,9,10000,1,,1,100,,,,,,,1,,,,1,,,,,,,,,,,,,,,,,,,,821,824,,,,,,,,,,,,,10,7,50,,,,,15,,,,,,,,,,,,,,,,,,,,-8,,40,,,,,2,"forestsurvival, stealthy, snowmove"
1230,Titan of the Forge,90,3,18,30,26,12,12,12,2,2,16,9,9,10000,1,,1,50,,,,,1,,,2,,,,,,,,,,,,,,,,,,,,,,,14,,,,,,,,,,,,,,,,,,,,5,,,,,,,,,,,,,,,,,,,,,,,,,,20,,3,
1231,Drakaina,132,10,18,30,23,14,10,13,3,14,8,10,10,10000,1,,1,150,,,,,,,1,,,1,1,,,,,,,,,,,,,,,,,,,,375,375,92,,,,,,,,,,,,5,,,,,15,,,,,,,,,,,,,,,,,,,,,,,,,,,,,3,"female, amphibian"
1232,Old Man of the Sea,100,10,18,30,21,12,10,12,2,14,8,10,10,10000,1,,1,150,,,,,,,2,,1,,,,,,,,,,,,,,,,,,,,,,7,,,,,,,,,,,,,,,,,,,,,,,,,,,,,,,,,,,,,,,,,10,,,,,,,3,"amphibian, waterbreathing"
1233,Lord of the Waves,105,10,18,30,24,13,10,14,2,14,8,10,10,10000,1,,1,150,,,,,,1,1,,,,1,,,,,,,,,,,,,,,,,,,,641,,,,,,,,,,,,,,,,,,,,,,,,,,,,,,,,,,,,,,,,,,,,,,,,3,"amphibian, waterbreathing"
1339,Nyorai,150,3,18,30,20,10,8,10,4,20,12,9,9,10000,1,,1,150,,,,,,,,1,1,,,1,,,,,,,,,,,,,,,,,,,92,,,,,,,,,,,,,,,,,,,,,,,,,,,,,,,,,,,,,,,,,,,,,,,134,3,
1340,Tiwaz of War,75,3,18,30,22,15,15,15,2,20,16,8,8,10000,1,,1,200,,,,,1,1,,1,,,,,,,,,,,,,,,,,,,,,,,8,,,,,,,19,,,,,,,,,,,,,,,,,,,,,,,,,,,,,,,,,,,,,,,,131,3,
1341,Devi of Darkness,84,3,18,30,22,13,13,12,3,20,17,9,9,10000,1,,1,200,100,,,,,,,1,,,,,2,,,,,,,,,,,,,,,,,,466,467,,,,,,148,113,,,,,,10,,,,,,,,,,,,,,,,,,,,,,,,,,,,,,,,,130,3,female
1344,Devi of Good Fortunes,85,3,18,30,20,11,12,13,2,20,16,9,9,10000,1,,1,200,,,,,,,1,,2,,,,,,,,,,,,,,,,,,,,,,92,,,,,,,148,,,,,,,,,,,,,,,,,,,,,,,,,,,,,,,,,,,,,,,,130,3,"female, pooramphibian, waterbreathing"
1346,Colossal Fetish,120,15,18,50,25,7,7,7,0,18,8,9,9,9980,1,,1,10,,10,,,,,,2,,,1,,,,,,,,,,,,,,,,,,,,252,,,,,,,9,122,,,,,,,,,,,25,,,,,1,1,,,,,,,,,,,,,,,,,,,,,,126,4,"inanimate, neednoteat"
1349,Devourer of Souls,161,15,18,30,28,15,10,10,3,2,8,10,10,10000,1,,1,100,,,,,,,,1,,1,,,,,,,,,,,,,,,,,,,,,400,823,,,,,,,,,,,,,15,,,,,15,,,,,,,,,,,,,,,,,,,,,,-8,,,,,,,2,"swampsurvival, spiritsight, swimming"
1370,Volla of the Bountiful Forest,65,3,18,30,19,10,14,13,2,20,16,8,8,10000,1,,1,150,,,,,,,2,,,,1,,,,,,,,,,,,,,,,,,,,92,,,,,,,,,,,,,,,,,,,,,,,,,,,,,,,,,,,,,,,,,,,,,,,132,3,"female, forestsurvival"
1371,Titan of Death and Rebirth,90,3,18,30,24,12,12,12,2,20,16,9,9,10000,1,,1,200,,,,,,,,1,,1,1,,,,,,,,,,,,,,,,,,,,7,,,,,,,,,,,,,,,,,,,,,,,,,,,,,,,,,,,,,100,,,,,,,,,,109,3,
1373,Annunaki of Sweet Waters,90,3,18,30,24,12,12,12,2,20,16,9,9,10000,1,,1,200,,,,,,,2,1,,,,,,,,,,,,,,,,,,,,,,,7,,,,,,,148,,,,,,,,,,,,,,,,,,,,,,,,,,,,,,,,,,10,,,,,,151,3,amphibian
1378,Lord of the Forest,80,3,18,30,20,13,13,13,2,20,16,8,8,10000,1,,1,150,,,,,,,,,,,2,1,,,,,,,,,,,,,,,,,,,1,,,,,,,7,20,,,,,,,,,,,,,,,,,,,,,,,,,,,,,,,,,,,,,,,102,3,forestsurvival
1384,Solar Disc,50,0,18,30,20,12,12,12,2,5,30,6,6,9980,1,,1,200,,,,1000,3,,,,,,,,,,,,,,,,,,,,,,,,,,826,826,92,,,,,,,,,,,,,,,10,,,60,,,,,,,,,,14,,,,,,,,,,,,,,,,,113,3,"flying, eyeloss"
1402,Polypal Queen,180,9,20,30,19,5,5,5,1,0,2,10,10,10000,1,,1,10,,200,,10000,,,1,,2,,,,,,,,,,,,,,,,,,,,,,86,86,86,719,,,,,,,,,,,,,,,,15,,,,,1,1,,,,,,,,,,,,,,,,,,,,,,,4,"magicbeing, female, aquatic, immobile, neednoteat, blind, voidsanity, spiritsight"
1428,Bakemono Kunshu,44,7,18,30,20,14,12,11,2,2,14,5,5,10000,1,,1,100,,,,,1,,,,,1,,,,,,,,,,,,,,,,,,,,,379,,,,,,,129,,,,,,,,,50,,,,,,,,,,,,,,,,,,,,,,,,,,,,,,,134,1,"mountainsurvival, immortal"
1561,Father of Winters,88,3,18,30,22,12,12,12,2,20,16,9,9,10000,1,,1,200,,,,,,1,2,,,,,,,,,,,,,,,,,,,,,,,,11,,,,,,,44,20,,,,,,,,,,15,,,25,,,,,,,,,,,,,,,,,,,,,,,,,,115,3,"forestsurvival, mountainsurvival, snowmove, coldpower"
1581,Risen Oracle,95,1,18,30,25,10,10,7,0,20,10,6,6,10000,1,,1,50,100,,,,,,,1,,1,,,,,,,,,,,,,,,,,,,,,7,,,,,,,,,,,,,,5,,,,3,25,,25,,,,,,,,,,,,,,,,,,,,,,,,,,,2,"undead, amphibian, immortal, neednoteat, spiritsight"
1590,Ageless Olm,130,5,18,30,14,8,8,13,4,12,8,10,10,10000,1,,1,150,,,,2000,,,1,1,,,,,,,,,,,,,,,,,,,,,,,839,449,,,,,,,,,,,,,,,,,,15,,5,,,,,,,,,,,,,,,,,,,,,,,,,,153,2,"coldblood, amphibian, neednoteat, blind, spiritsight"
1896,Lawgiver,14,0,18,30,11,12,12,10,3,14,12,3,3,10000,1,,1,150,,,,500,,1,,,1,,1,,,,,,,,,,,,,,,,,,,,288,,,,,,,148,,,,,,,,,,,,15,,,,,,,,,,,,,,,,,,,,,,,,,,,,123,1,"forestsurvival, swampsurvival, flying, swimming"
1898,Fomorian Sorcerer,35,5,18,30,22,11,11,10,3,16,15,6,6,10000,1,,1,100,,,,,,1,,,,1,,,,,,,,,,,,,,,,,,,,,7,,,,,,,,,,,,,,,,,,,,,,,,,,,,,,,,,,,,,,,,,,,,,,,142,1,pooramphibian
1899,Fomorian God King,88,6,18,30,28,14,14,11,2,20,18,9,9,10000,1,,1,200,,,,,,,1,,,2,,,,,,,,,,,,,,,,,,,,,643,21,,,,,,136,2,148,,,,,5,,50,,,,,5,,,,,,,,,,,,,,,,,,,,,,,,,,142,3,"amphibian, waterbreathing"
1905,Great Sorceress,13,0,18,30,12,13,14,13,3,14,13,3,3,9990,1,,1,100,,,,1000,,,,,,1,,1,,,,,,,,,,,,,,,,,,,7,,,,,,,,,,,,,,,,50,,,,,,,,,,,,,,,,,,,,,,,,,,,40,,,,143,1,"female, forestsurvival, stealthy"
2082,Son of the Fallen,105,6,18,30,25,15,15,13,1,20,20,9,9,9980,1,,1,200,,,,,,,,,,,,,3,,,,,,,,,,,,,,,,,,238,522,,,,,,,,,,,,,5,,,,,,15,,,,,,,,,,,,,,,,,,,,,,,,,,,149,3,"wastesurvival, neednoteat"
2137,Urmahlullu,140,12,18,30,25,13,12,12,2,3,20,10,10,10000,1,,1,150,,,,,,1,,,1,,,,,,,,,,,,,,,,,,,,,,823,823,,,,,,,,,,,,,5,,,,,,,,,,,,,,,,,,,,,,,,,,,-8,,,,,,113,2,flying
2138,Sphinx,121,12,18,30,24,13,13,12,2,3,22,10,10,10000,1,,1,150,,,,,,,,,1,,,1,,,,,,,,,,,,,,,,,,,823,823,,,,,,,,,,,,,5,,,,,,,,,,,,,,,,,,,,,,,,,,,-8,,,,,,120,2,"female, flying"
2203,Oni Kunshu,60,8,18,30,22,14,13,9,1,3,16,7,7,10000,1,,1,100,150,,,,1,,,1,,1,,,,,,,,,,,,,,,,,,,,,744,383,21,,,,,130,,,,,,,5,,,,,5,5,,,,,,,,,,,,,,,,,,,25,,-12,,,,,,134,3,"demon, mountainsurvival, neednoteat, spiritsight, snowmove, chaospower"
2205,Great Sauromancer,12,5,18,30,10,10,10,10,3,12,9,3,3,10000,1,,1,10,,,,,,,,,,2,,,,,,,,,,,,,,,,,,,,,29,,,,,,,148,,,,,,,,,,,,10,,,,,,,,,,15,,,,,,,,,,,,,,,,,,113,1,"coldblood, swampsurvival, swimming"
2207,Great Sorcerer,10,0,18,30,10,10,10,10,2,14,13,3,3,10000,1,,1,100,,,,,,,,,,1,,,,,,,,,,,,,,,,,,,,,7,,,,,,,,,,,,,,,,,,,5,,,,,,,,,,,,,,,,,,,,,,,,,,,,126,1,forestsurvival
2234,Irminsul,250,20,18,30,14,8,0,8,0,0,2,10,10,10000,1,,1,150,,50,,,,,,,,,3,,,,,,,,,,,,,,,,,,,,240,240,240,,,,,,,,,,,,,,,,,,-5,,,,1,1,,,,,,,,,,,,,,,,,,,,,,145,4,"plant, forestsurvival, immobile, neednoteat"
2315,Melqart,69,5,18,30,24,15,14,12,2,20,18,8,8,9990,1,,1,200,,,,,,,,,,,,,3,,,,,,,,,,,,,,,,,,520,331,,,,,,165,148,166,,,,,5,,,,,,15,,,,,,,,,,,,,,,,,,,,,,,,,,,140,2,"wastesurvival, neednoteat"
2426,Bouda Father,13,0,18,30,11,11,11,11,2,16,13,3,3,10000,1,,1,100,,,,,1,,,1,,1,,,,,,,,,,,,,,,,,,,,,13,,,,,,,,,,,,,,,,,,,,,,,,,,,,,,,,,,,,,,,,,,,,,,,126,1,wastesurvival
2431,Titan of the Underworld,90,3,18,30,24,12,12,12,2,20,16,9,9,10000,1,,1,150,150,,,,,,,1,,2,,,,,,,,,,,,,,,,,,,,,581,,,,,,,,,,,,,,,,,,,,,,,,,,,,,,,,,,,,,,,,,,,40,,,,109,3,"stealthy, assassin, spiritsight"
2438,Annunaki of the Underworld,75,5,18,30,20,14,12,13,0,20,16,8,8,10000,1,,1,150,200,,,,,,,,,3,,,,,,,,,,,,,,,,,,,,,92,,,,,,,148,,,,,,,10,,,,,25,,15,,,,1,,,,,,,,,,,,,,,,,,,,,,120,3,"undead, female, pooramphibian, neednoteat, spiritsight, dreanimator"
2444,Teotl of the Underworld,82,3,18,30,22,12,12,12,0,20,16,9,9,10000,1,,1,150,200,,,,,,,,1,2,,,,,,,,,,,,,,,,,,,,,29,,,,,,,148,,,,,,,,,,,,25,,15,,,,1,,,,,,,,,,,,,,,,,,,,,,,3,"undead, pooramphibian, spiritsight, dreanimator"
2445,Neter of the Underworld,95,3,18,30,24,12,12,12,0,20,16,9,9,10000,1,,1,150,200,,,,,,,,,3,,,,,,,,,,,,,,,,,,,,,347,172,,,,,,148,,,,,,,,,,,,25,,15,,,,,,,,,,,,,,,,,,,,,,,,,,,3,"undead, wastesurvival, spiritsight, dreanimator"
2447,Idol of Men,120,20,18,30,15,5,0,10,0,0,2,9,9,10000,1,,1,200,,,,,1,1,,,,,1,,,,,,,,,,,,,,,,,,,,,,,,,,,,,,,,,,,,,,,25,,15,,,1,1,,,,,,,,,,,,,,,,,,,,,,,4,"inanimate, plant, amphibian, immobile, neednoteat, spiritsight"
2448,Idol of Beasts,120,20,18,30,15,5,0,10,0,0,2,9,9,10000,1,,1,150,,50,,,,1,,,,,2,,,,,,,,,,,,,,,,,,,,,,,,,,,,,,,,,,,,,,,25,,15,,,1,1,,,,,,,,,,,,,,,,,,,,,,,4,"inanimate, plant, amphibian, immobile, neednoteat, spiritsight"
2449,Idol of Sorcery,120,20,18,30,15,5,0,10,0,0,2,9,9,10000,1,,1,100,,100,,,,,,,1,1,,1,,,,,,,,,,,,,,,,,,,,,,,,,,,,,,,,,,,,,,25,,15,,,1,1,,,,,,,,,,,,,,,,,,,,,,,4,"inanimate, plant, amphibian, immobile, neednoteat, spiritsight"
2450,Horned One,95,8,18,30,26,14,13,13,2,20,16,9,9,9980,1,,1,150,,,,,,,,,,,3,,,,,,,,,,,,,,,,,,,,587,829,391,,,,,,,,,,,,,5,,,,,,,,,,,,,,,,,,,,3,,,,,,,,40,,,,137,3,"forestsurvival, stealthy, animalawe, beastmaster"
2457,Bodhisattva of Mercy,33,0,18,30,13,13,13,15,1,5,30,5,5,10000,1,,1,150,,,,,,,,,1,,,2,,,,,,,,,,,,,,,,,,,92,459,,,,,,,,,,,,5,,,,,,,,,15,,,,,,,,,,,,,,,,,,,,,,,,,122,2,"magicbeing, female, flying, spiritsight"
2460,Statue of Fertility,100,25,18,30,15,5,0,10,0,0,2,8,8,10000,1,,1,200,,,,,,,,1,,,2,,,,,,,,,,,,,,,,,,,,,,,,,,,,,,,,,,,,,,,25,,,,1,,1,,,,,,,,,,,,,,,,,,,,,,,4,"inanimate, stonebeing, female, amphibian, immobile, neednoteat, blind, spiritsight"
2463,Statue of War,120,25,18,30,15,5,0,10,0,0,2,9,9,10000,1,,1,200,,,,,2,,,1,,,,,,,,,,,,,,,,,,,,,,,,,,,,,,,,,,,,,,,,,,25,,,,1,,1,,,,,,,,,,,,,,,,,,,,,,,4,"inanimate, stonebeing, amphibian, immobile, neednoteat, blind, spiritsight"
2502,Earth made Flesh,220,5,18,30,26,8,8,7,2,14,16,10,10,10000,1,,1,150,,10,,2000,,,1,3,,,,,,,,,,,,,,,,,,,,,,,92,,,,,,,,,,,,4,,,,100,,,,,,,,,,,,,,,,,,,,,,,,25,,,,,,,154,3,"coldblood, female, amphibian, neednoteat"
2503,Golden Pillar,75,25,18,30,15,5,0,5,0,0,2,9,9,10000,1,,1,150,,,,,,,,3,,,,,,,,,,,,,,,,,,,,,,,,,,,,,,,,,,,,,,,,,,25,15,15,15,1,1,1,,,,,,,,,,,,,,,,,,,,,,153,4,"inanimate, amphibian, immobile, neednoteat, blind"
2550,Raksharani,32,5,18,30,19,13,12,10,2,2,10,4,4,10000,1,,1,50,10,,,,,,,,,1,,1,1,,,,,,,,,,,,,,,,,,12,,,,,,,148,,,,,,,,,,,,,-5,,,,,,,,,,,,,,,,,,,,,,,40,,,,130,2,"demon, female, forestsurvival, stealthy, neednoteat, chaospower"
2552,Ahura of Wisdom,90,3,18,30,24,12,12,12,1,20,16,9,9,10000,1,,1,200,,,,,,,,,3,,,,,,,,,,,,,,,,,,,,,,238,,,,,,,148,,,,,,5,,,,,,,,,,,,,,,,,,,,,,,,,,,,,,,,,,111,3,"flying, spiritsight"
2553,Ahura of the Oath,49,1,18,30,18,14,14,12,1,20,16,6,6,10000,1,,1,150,,50,,,2,,,,1,,,,,,,,,,,,,,,,,,,,,,608,,,,,,,148,,,,,,5,,,,,,,15,,15,,,,,,,15,,,,,,,,,,,,,,,,,,111,2,"magicbeing, flying, spiritsight"
2554,Ahura of the Waters,49,1,18,30,18,14,14,12,1,20,16,6,6,10000,1,,1,150,,50,,,,,2,,1,,,,,,,,,,,,,,,,,,,,,,238,,,,,,,148,,,,,,5,,,,,,,,,,,,,,,,15,,,,,,,,,,,,,,,,,,111,2,"magicbeing, flying, spiritsight"
2555,Spenta Mainyu,49,1,18,30,17,13,13,13,1,100,16,6,6,10000,1,,1,150,,50,,,,1,,,2,,,,,,,,,,,,,,,,,,,,,,238,,,,,,,148,,,,,,5,,,,,,,,,15,,,,,,,,,,,,,,,,,,,,,,,,,111,2,"magicbeing, teleport, ethereal, spiritsight"
2578,Yazad King,23,0,18,30,14,12,12,15,1,20,9,4,3,10000,1,,1,100,,10,,,,1,1,,1,,,,,,,,,,,,,,,,,,,,,,124,,,,,,,75,148,,,,,4,,,,,,,,15,15,,,,,,,,,,,,,,,,,,,,,,,,,112,2,"magicbeing, flying, stormimmune"
2608,Azi,125,18,18,30,25,15,12,12,3,3,10,10,10,260,1,,1,100,10,,,,1,,,,,1,,,,,,,,,,,,,,,,,,,,,533,821,821,821,823,532,,,,,,,,,10,,50,,,,15,,,,,,,,,,,,,,,,,,,,,,,,,,,111,2,"mountainsurvival, wastesurvival, flying, chaospower"
2610,Angra Mainyu,90,3,18,30,24,12,12,12,1,20,16,9,9,10000,1,,1,200,100,,,,1,,,,,1,,,1,,,,,,,,,,,,,,,,,,238,,,,,,,148,,,,,,,5,,,,,,15,,,,,,,,,,,,,,,,,,,,,,,,,,,111,3,"flying, spiritsight, chaospower"
2611,Gannag Menog,49,1,18,30,17,13,13,13,1,100,16,6,6,10000,1,,1,150,100,,,,1,,,,,2,,,,,,,,,,,,,,,,,,,,,205,,,,,,,148,,,,,,,5,,,,,,15,,,,,,,,,,,,,,,,,,,,,,,,,,,111,2,"demon, teleport, ethereal, spiritsight, chaospower"
2627,Daeva of Wrath,49,1,18,30,18,14,14,12,1,3,16,5,5,10000,1,,1,150,100,,,,2,,,,,,,,1,,,,,,,,,,,,,,,,,,616,,,,,,,,,,,,,,5,,,,,,15,,,,,,,,,15,,,,,,,,,,,,,,,,,,111,2,"demon, flying, spiritsight, chaospower"
2685,Viracocha,88,3,18,30,22,13,13,13,2,20,16,8,8,10000,1,,1,200,,,,,1,1,1,,,,,,,,,,,,,,,,,,,,,,,,243,231,,,,,,148,,,,,,3,,,,,,,15,,15,,,,,,,,,,,,,,,,,,,,,,,,,155,3,"flying, stormimmune, stormpower"
2686,Apu Inti,88,3,18,30,22,15,13,12,2,20,16,8,8,10000,1,,1,200,,,,,3,,,,,,,,,,,,,,,,,,,,,,,,,,618,,,,,,,,,,,,,3,,,50,,,,15,,,,,,,,,,,,,,,,,,,,,,,,,,,155,3,"flying, stormimmune"
2693,Heavenly Condor,102,11,18,30,23,15,12,15,2,5,8,9,9,10000,1,,1,200,,,,,,2,,,,,,,,,,,,,,,,,,,,,,,,,826,826,825,,,,,,,,,,,,,,,,,,,,15,,,,,,,,,,,,,,,,50,,25,-8,,,,,,155,2,"mountainsurvival, wastesurvival, flying, stormimmune"
2695,Sapa Inca,23,0,18,30,14,12,12,15,1,20,9,4,3,10000,1,,1,100,,10,,,1,1,,,1,,,,,,,,,,,,,,,,,,,,,,618,,,,,,,142,148,,,,,4,,,,,,,,15,,,,,,,,,,,,,,,,,,,,,,,,,,155,2,"magicbeing, flying, stormimmune"
2696,Stone Huaca,200,26,18,30,15,5,0,5,0,0,2,10,10,10000,1,,1,150,,,,,,1,,2,,,,,,,,,,,,,,,,,,,,,,,,,,,,,,,,,,,,,,,,,,25,,,,1,,1,,,,,,,,,,,,,,,,,,,,,,,4,"inanimate, stonebeing, amphibian, immobile, neednoteat, blind, spiritsight"
2698,Apu Illapa,88,3,18,30,22,13,13,15,2,20,16,8,8,10000,1,,1,200,,,,,,3,,,,,,,,,,,,,,,,,,,,,,,,,243,231,,,,,,148,,,,,,,,,,,,,,,15,,,,,,,,,,,,,,,,,,,,,,,,,155,3,"flying, stormimmune, stormpower"
2699,Ayar,61,3,18,30,25,14,14,12,2,20,14,8,8,10000,1,,1,200,,,,,1,,,2,,,,,,,,,,,,,,,,,,,,,,,618,,,,,,,142,148,,,,3,1,,,,,,,15,,,,,,,,,15,,,,,,,,,,,,,,,,,,155,2,
2737,Immortal Coya,18,12,18,30,12,12,10,13,0,20,10,3,3,10000,1,,1,50,100,,,,,,,1,,2,,,,,,,,,,,,,,,,,,,,,29,,,,,,,,,,,,,,,,,,,25,-10,15,,,,1,,,,,,,,,,,,,,,,,,,,,,156,2,"inanimate, undead, female, pooramphibian, immortal, neednoteat, spiritsight"
2784,Thrice Horned Boar,112,16,18,30,26,13,12,8,2,3,20,9,9,10000,1,,1,100,,,,,,,,1,,,1,,,,,,,,,,,,,,,,,,,,830,831,,,,,,,,,,,,,,5,,,,,,,,,,,,,,,,,,,,,,100,,,,-8,,,,,,,2,"forestsurvival, trample"
2785,Solar Eagle,108,11,18,30,23,15,12,15,2,5,8,9,9,10000,1,,1,150,,,,,1,1,,,,,,,,,,,,,,,,,,,,,,,,,826,826,825,,,,,,,,,,,3,,,,,,,15,,,,,,,,,,,,,,,,,,50,,25,-8,,,,,,,2,"mountainsurvival, flying"
2786,Celestial Gryphon,135,12,18,30,25,15,12,15,2,4,22,10,10,10000,1,,1,100,,,,,,2,,,,,,,,,,,,,,,,,,,,,,,,,826,826,825,,,,,,,,,,,,5,,,,,,,,15,,,,,,,,,,,,,,,,,,,-8,,,,,,111,2,flying
2787,Celestial Lion,145,12,18,30,26,15,12,10,2,3,22,10,10,10000,1,,1,100,,,,,1,,,,1,,,,,,,,,,,,,,,,,,,,,,821,823,823,,,,,,,,,,,,5,,50,,,,,,,,,,,,,,,,,,,,,,,,,-8,,,,,,139,2,flying
2788,Man-Eater,155,14,18,30,27,14,12,12,2,3,18,10,10,10000,1,,1,150,,,,,,,,1,,,,,1,,,,,,,,,,,,,,,,,,832,823,823,833,,,,,,,,,,,10,,,,,15,,,,,,,,,,,,,,,,,,,,,,-8,,,,,,111,2,flying
2790,Myrmecoleon,118,18,18,30,22,14,10,10,2,3,18,10,10,10000,1,,1,100,,,,,1,,,1,,,,,,,,,,,,,,,,,,,,,,,821,823,823,629,,,,,,,,,,,5,5,50,,,,,,,,,,,,,,,,,,,,,,,,,-8,,,,,,,2,"wastesurvival, neednoteat"
2791,Earth Serpent,210,20,18,30,28,15,10,10,2,10,8,10,10,10000,1,,1,100,,,,,,,,2,,,,,,,,,,,,,,,,,,,,,,,827,,,,,,,,,,,,,,5,,50,,,15,,,,,,,,,,,,,,,,,,,,,,-8,,,,,,,2,"coldblood, mountainsurvival, swampsurvival, amphibian, swimming"
2792,Solar Serpent,155,15,18,30,25,15,10,10,2,14,10,10,10,10000,1,,1,100,,,,,2,,,,,,,,,,,,,,,,,,,,,,,,,,827,,,,,,,,,,,,,3,,,,,,15,15,,,,,,,10,,,,,,,,,,,,,,-8,,,,,,,2,"coldblood, wastesurvival, swampsurvival, swimming"
2793,Serpent of Chaos,172,15,18,30,26,15,10,10,2,14,10,10,10,10000,1,,1,100,,,,,,,,,,2,,,,,,,,,,,,,,,,,,,,,827,,,,,,,,,,,,,,10,,100,,,15,,,,,,,,10,,,,,,,,,,,,,,-8,,,,,,,2,"coldblood, wastesurvival, swampsurvival, amphibian, swimming, darkpower"
2795,Dog of the Underworld,112,13,18,30,26,13,12,8,2,3,26,10,10,10000,1,,1,100,,,,,,,,,,1,,1,,,,,,,,,,,,,,,,,,,821,,,,,,,,,,,,,,10,,100,,,,,15,,,,,,,,,,,,,,,,,,,,-8,,60,,,,,2,"forestsurvival, stealthy, darkpower"
2796,Hound of Hades,118,14,18,30,27,13,12,8,2,3,24,10,10,10000,1,,1,100,,,,,,,,1,,1,,,,,,,,,,,,,,,,,,,,,630,630,630,631,632,,,,,,,,,,10,,,,,15,,,,,,,,,,,,,,,,,,,50,,,-8,,,,,,,2,spiritsight
2799,Wadjet,144,15,18,30,25,15,10,10,2,14,10,10,10,10000,1,,1,100,,,,,,,1,,,,1,,,,,,,,,,,,,,,,,,,,827,,,,,,,,,,,,,,5,,,,,15,,,,,,,,10,,,,,,,,,,,,,,-8,,,,,,,2,"coldblood, wastesurvival, swampsurvival, amphibian, swimming"
2848,Father of the Sea,131,0,18,30,20,5,5,12,1,100,2,10,10,10000,1,,1,150,,100,,,,,3,,,,,,,,,,,,,,,,,,,,,,,,,,,,,,,,,,,,,,,,,,,,,,,,,,,,,,,,,,,,,,,,,,,,,,,,4,"magicbeing, aquatic, teleport, neednoteat, ethereal, spiritsight"
2849,Father of Monsters,101,13,18,30,24,14,10,12,2,2,8,9,9,10000,1,,1,150,,,,,1,,1,,,1,,,,,,,,,,,,,,,,,,,,,650,649,649,,,,,,,,,,,,,,100,,,,,,,,,,,,,,,,,,,,,,,,,,,,,,,,3,"amphibian, waterbreathing"
2850,Statue of the Underworld,100,25,18,30,15,5,0,10,0,0,2,9,9,10000,1,,1,200,,,,,,,,,,3,,,,,,,,,,,,,,,,,,,,,,,,,,,,,,,,,,,,,,,,25,,,,1,,1,,,,,,,,,,,,,,,,,,,,,,,4,"inanimate, stonebeing, amphibian, immobile, neednoteat, spiritsight"
2851,Titan of Winds and Waves,90,3,18,30,22,12,12,14,2,20,16,9,9,10000,1,,1,200,,,,,,2,1,,,,,,,,,,,,,,,,,,,,,,,,663,664,,,,,,,,,,,,,,,,,,,,,,,,,,,,,,,,,,,,,,,,,,,,,,118,3,"female, amphibian, waterbreathing"
2852,King of Frozen Bones,27,10,18,30,16,12,8,8,3,14,12,6,6,10000,1,,1,100,,,,,,,1,,,1,,,,,,,,,,,,,,,,,,,,,7,,,,,,,15,121,,,,,,,,50,,,,,5,,,,,,,,,,,,,,,,,,,,,,,,,,141,1,"amphibian, waterbreathing, snowmove"
2853,Ghost King,65,0,18,30,23,13,15,8,0,20,12,8,8,10000,1,,1,10,50,,,,,,,,,1,,,,,,,,,,,,,,,,,,,,,238,,,,,,,,,,,,,,10,,,,3,25,,25,,,,,,,,,,,,,,,,,,,,,,40,,,,117,2,"undead, amphibian, float, stealthy, neednoteat, ethereal, spiritsight"
2856,Son of the Sea,88,6,18,30,28,14,14,11,2,20,18,9,9,10000,1,,1,200,,,,,,,1,,,1,,1,,,,,,,,,,,,,,,,,,,75,21,,,,,,136,2,148,,,,,,,50,,,,,,,,,,,,,,,,,,,,,,,,,,,40,,,,,3,"amphibian, waterbreathing, stealthy"
2881,Telkhine God-King,47,1,18,30,19,12,12,12,1,20,14,6,6,10020,1,,1,150,150,50,,1000,,1,1,1,,,,,,,,,,,,,,,,,,,,,,,92,,,,,,,,,,,,,,,,,,,15,,,15,,,,,,,,,,,,,,,,,,,,,,,,,161,2,"amphibian, leper"
2922,Morgen High Queen,13,0,18,30,12,13,14,13,3,14,13,3,3,9990,1,,1,100,,,,1000,,,1,,,,,1,,,,,,,,,,,,,,,,,,,7,,,,,,,,,,,,,,,,50,,,,,,,,,,,,,,,,,,,,,,,,,,,40,,,,143,1,"female, forestsurvival, amphibian, stealthy"
2930,Hooded Spirit,44,1,18,30,16,13,13,13,1,20,16,5,5,10000,1,,1,150,,50,,,,,1,1,,,1,,,,,,,,,,,,,,,,,,,,92,,,,,,,,,,,,,,,,,,,,,,,,,,,,,,,,,,,,,150,,,,,,65,,,,,2,"magicbeing, amphibian, stealthy, ethereal, spiritsight"
2955,Leader of the Closed Council,45,3,18,30,18,8,8,7,4,2,14,6,6,10000,1,,1,100,,10,,,,,,1,,,,,,,,,,,,,,,,,,,,,,,7,,,,,,,,,,,,,,,,100,,,,,,,,,,,,,,,,,,,,,,,,5,,,,,,,153,1,"coldblood, amphibian, neednoteat"
2958,Golden Lion,152,13,18,30,27,15,12,10,2,3,22,10,10,10000,1,,1,100,,,,,1,,,,,,1,,,,,,,,,,,,,,,,,,,,821,823,823,,,,,,,,,,,,5,,50,,,,,,,1,,1,,,,25,,,,,,,,,,,,-8,,,,,,139,2,
2959,Chiranjivi,32,4,18,30,18,13,12,10,3,2,10,6,6,10000,1,,1,200,,,,,,,,,1,,,,,,,,,,,,,,,,,,,,,,10,,,,,,,12,148,,,,,,,,,,,,,,,,,,,,,,,,,,,,,,,,,,,,,,,129,1,"animal, forestsurvival, domimmortal"
2960,Apkallu,36,3,18,30,15,12,12,12,2,4,16,6,6,10000,1,,1,150,,50,,,,1,1,1,1,,,,,,,,,,,,,,,,,,,,,,92,,,,,,,,,,,,,,,,,,,,,,15,,,,,,,,,,,,,,,,,,,10,,,,,,151,2,"flying, neednoteat"
2961,Centauride Enchantress,20,3,18,30,12,11,15,13,3,20,32,5,3,10000,1,,1,100,,,,,,,,,,,1,,,,,,,,,,,,,,,,,,,,55,7,,,,,,,,,,,,,,,,,,,,,,,,,,,,,,,,,,,,,,,,,,40,,,,110,1,"female, forestsurvival, stealthy"
2977,Centaur Great Sage,24,3,18,30,14,11,14,13,3,20,30,5,3,10000,1,,1,100,,,,,,,,,1,,,,,,,,,,,,,,,,,,,,,,7,55,,,,,,148,,,,,,,,,,,,,,,,,,,,,,,,,,,,,,,,,,10,,,,,,109,1,forestsurvival
2978,Master Sorcerer,10,0,18,30,10,10,11,14,3,14,12,3,3,10000,1,,1,100,,,,,,,,,,1,,,,,,,,,,,,,,,,,,,,,7,,,,,,,,,,,,,,,,,,,,,,,,,,,,,,,,,,,,,,,,,,,,,,,134,1,mountainsurvival
2979,Onmyo Hakase,10,0,18,30,10,10,11,14,3,14,12,3,3,10000,1,,1,100,,,,,,,,,1,,,,,,,,,,,,,,,,,,,,,,7,,,,,,,,,,,,,,,,,,,,,,,,,,,,,,,,,,,,,,,,,,,,,,,134,1,"mountainsurvival, spiritsight"
2980,Uttervast,107,0,20,30,20,15,15,15,0,100,20,10,10,10000,1,,1,50,,150,,10000,,,,,3,,,,,,,,,,,,,,,,,,,,,,811,811,839,839,839,839,,,,,,,,,,,,,,15,,15,15,,,,,,,,,,,,,,,,,,,,,,,,,,3,"magicbeing, amphibian, stormimmune, teleport, neednoteat, ethereal, blind, voidsanity, spiritsight"
3053,Grand Hierophant,10,0,18,30,10,10,10,12,3,14,10,3,3,10000,1,,1,100,,,,,,,,,1,,,,,,,,,,,,,,,,,,,,,,9,,,,,,,,,,,,,,,,,,,,,,,,,,,,,,,,,,,,,,,,,20,,,,,,107,1,
3054,Firstborn of the Star,27,5,20,30,15,10,8,13,2,2,8,5,5,10000,1,,1,10,,100,,3000,,,,,2,,,,,,,,,,,,,,,,,,,,,,86,63,,,,,,,,,,,,,,,100,,,,,,,,1,,,,,,,,,,,,,,,,,,,,,,,117,1,"magicbeing, amphibian, voidsanity, spiritsight"
3056,Aphroi Sage,23,4,18,30,14,11,14,13,3,20,26,5,3,10000,1,,1,100,,,,,,,,,,,1,,,,,,,,,,,,,,,,,,,,7,,,,,,,,,,,,,,,,,,,,,,,,,,,,,,,,,,,,,,,,,,,40,,,,159,1,"amphibian, stealthy"
3058,God-King of the Deep,27,10,18,30,16,12,8,8,3,14,12,6,6,10000,1,,1,100,,,,,,,1,,1,,,,,,,,,,,,,,,,,,,,,,7,,,,,,,24,,,,,,,,,100,,,,,,,,,,,,,,,,,,,,,,,,,,,,,,,,1,"amphibian, waterbreathing"
3059,Magister Supreme,10,0,18,30,10,8,8,10,3,14,10,3,3,10000,1,,1,10,,,,,,1,,,,,,,,,,,,,,,,,,,,,,,,,9,,,,,,,,,,,,,,,,,,,,,,,,,,,,,,,,,,,,,,,,25,,25,,,,,102,1,drainimmune
3060,Master,12,0,18,30,11,13,13,11,3,14,12,3,3,10000,1,,1,100,,,,,,,,,1,,,,,,,,,,,,,,,,,,,,,,75,502,,,,,,,,,,,,,,,,,,,,,,,,,,,,,,,,,,,,,,,,,,,,,,121,1,"flying, neednoteat, spiritsight"
3079,Duiu of Thunder,92,3,18,30,26,13,13,13,2,20,16,9,9,10000,1,,1,200,,,,,1,1,1,,,,,,,,,,,,,,,,,,,,,,,,243,231,713,,,,,,,,,,,,,,,,,,,,15,,,,,,,,,,,,,,,,,,,,,,,,,,3,"stormimmune, stormpower"
3080,Duiu of Farming,98,3,18,30,30,14,12,12,2,20,16,9,9,10000,1,,1,150,,,,,,,1,,,,2,,,,,,,,,,,,,,,,,,,,14,,,,,,,,,,,,,,,,,,,,,,,,,,,,,,,,,,,,,100,,,,,,,,,,,3,
3081,Duiu of War,92,3,18,30,28,15,15,15,2,20,16,9,9,10000,1,,1,200,50,10,,,1,,,,,,1,,1,,,,,,,,,,,,,,,,,,17,,,,,,,,,,,,,,,,,,,,,,,,,,,,,,,,,,,,,,,,,,,,,,,,3,
3082,Matrona of the Healing Spring,80,3,18,30,20,12,12,13,2,20,16,8,8,10000,1,,1,150,,,,,,,1,,,,1,1,,,,,,,,,,,,,,,,,,,391,92,,,,,,,,,,,,,,,,,,15,,,,,,,,,,,,,,,,,,,,,,,,,,,,138,3,female
3088,Dharmapala of the Underworld,96,3,18,30,22,12,12,12,2,20,16,9,9,10000,1,,1,150,50,,,,1,,,,,2,,,,,,,,,,,,,,,,,,,,,720,,,,,,,159,148,,,,,,5,,,,,,15,,,,,,,,,,,,,,,,,,,,,,,,,,,,3,spiritsight
3098,First Spawn,124,2,20,30,15,10,10,10,4,12,6,9,9,10000,1,,2,50,,150,2750,3000,,,1,,1,,,1,,,,,,,,,,,,,,,,,,,269,274,371,,,,,,,,,,,,,,,,,,,,,,,,,,,,,,,,3,,,,,,,,,,,,,,2,"magicbeing, aquatic, voidsanity, spiritsight, taskmaster"
3121,Eldest Cyclops,95,7,18,30,28,11,11,7,2,20,14,9,9,10000,1,,1,150,,,,,1,1,,1,,,,,,,,,,,,,,,,,,,,,,,14,,,,,,,,,,,30,,,,,,,,,15,,,,,,,,,,,,,,,,,,,,,,,,,,,,2,mountainsurvival
3190,Bone Mother,20,2,18,30,14,10,10,12,3,16,14,4,4,10000,1,,1,100,,,,,,,,,,1,,,,,,,,,,,,,,,,,,,,,7,,,,,,,44,,,,,,,,,,,,,,,,,,,,,,,,,,,,,,,,,,,,40,,,,152,1,"female, swampsurvival, stealthy"
3191,Enkidu Great Sage,25,2,18,30,15,10,9,12,3,16,14,5,5,10000,1,,1,100,,,,,,,,,1,,,,,,,,,,,,,,,,,,,,,,7,,,,,,,148,,,,,,,,,,,,,,,,,,,,,,,,,,,,,,,,,,10,,,,,,151,1,
3192,Great Camazotz,8,0,18,30,7,9,8,6,3,18,10,3,2,10000,1,,1,100,,10,,,,,,,,1,,,1,,,,,,,,,,,,,,,,,,238,,,,,,,,,,,,,,,,,,,,,,,,,,,,,,,,,,,,,,-1,,,,,40,,,,,1,"coldblood, forestsurvival, flying, stealthy, blind"
3204,Grey One,10,0,18,30,9,9,9,10,3,12,10,3,3,10000,1,,1,100,,,2475,2000,,,1,,,1,,1,,,,,,,,,,,,,,,,,,,92,,,,,,,,,,,,,,,,,,,,,,,,,,,,,,,,,,,,,,,,,,,,,,,,1,female
3205,Titan of Crossroads,78,3,18,30,20,12,12,12,2,20,16,8,8,10000,1,,1,150,,,,5000,,,,,1,1,1,,,,,,,,,,,,,,,,,,,,729,729,,,,,,148,,,,,,,5,,,,,,,,,,,,,,,,,,,,,,,,50,,,-10,,,,,,108,3,"female, spiritsight"
3208,Titan of the Spring,78,3,18,30,20,12,12,12,2,20,16,8,8,10000,1,,1,200,,,,,,,,,,2,1,,,,,,,,,,,,,,,,,,,,238,,,,,,,,,,,,,,,,,,,,,,,,,,,,,,,,,,,,,,,,,,,,,,,108,3,"female, immortal, domimmortal"
3209,Titan of Growth,80,3,18,30,22,12,12,12,2,20,16,8,8,10000,1,,1,200,,,,,,,,1,,,2,,,,,,,,,,,,,,,,,,,,172,,,,,,,,,,,,,,,,,,,,,,,,,,,,,,,,,,,,,100,,,,,,,,,,108,3,female
3328,God Block,350,25,18,30,15,5,0,5,0,0,2,10,10,10000,1,,1,150,,,,,,,,3,,,,,,,,,,,,,,,,,,,,,,,,,,,,,,,,,,,,,,,,,,25,,,,1,,1,,,,,,,,,,,,,,,,,,,,,,,4,"inanimate, stonebeing, amphibian, immobile, neednoteat, blind, spiritsight"
3329,Betyl of the Sun,150,25,18,30,15,5,0,5,0,0,2,6,6,10020,1,,1,150,,,,,1,,,2,,,,,,,,,,,,,,,,,,,,,,,,,,,,,,,,,,,,,,,,,,25,,,,1,,1,,,,,,,,,,,,,,,,,,,,,,,4,"inanimate, stonebeing, amphibian, immobile, neednoteat, blind, spiritsight"
3330,Betyl of Writing,150,25,18,30,15,5,0,5,0,0,2,6,6,10020,1,,1,150,,,,,,1,,2,,,,,,,,,,,,,,,,,,,,,,,,,,,,,,,,,,,,,,,,,,25,,,,1,,1,,,,,,,,,,,,,,,,,,,,,,,4,"inanimate, stonebeing, amphibian, immobile, neednoteat, blind, spiritsight"
3331,Betyl of the Stars,150,25,18,30,15,5,0,5,0,0,2,6,6,10020,1,,1,150,,,,,,,,2,1,,,,,,,,,,,,,,,,,,,,,,,,,,,,,,,,,,,,,,,,,25,,,,1,,1,,,,,,,,,,,,,,,,,,,,,,,4,"inanimate, stonebeing, amphibian, immobile, neednoteat, blind, spiritsight"
3346,Bronze Colossus,105,25,18,50,25,7,7,7,0,14,8,9,9,10000,1,,1,10,,10,,,,1,,2,,,,,,,,,,,,,,,,,,,,,,,92,,,,,,,,,,,,,,,,,,,25,15,15,15,1,1,1,,,,,,,,,,,,,,,,,,,,,,126,4,"inanimate, pooramphibian, neednoteat"
3368,Bronze Colossus,105,25,18,50,25,7,7,7,0,14,8,9,9,10000,1,,1,10,,10,,,,1,,2,,,,,,,,,,,,,,,,,,,,,,,645,,,,,,,,,,,,,,,,,,,25,15,15,15,1,1,1,,,,,,,,,,,,,,,,,,,,,,126,4,"inanimate, pooramphibian, neednoteat"
3369,Ilahat of Fate,80,3,18,30,22,12,12,12,2,20,16,8,8,10000,1,,1,150,,50,,,,,,,3,,,,,,,,,,,,,,,,,,,,,,92,,,,,,,,,,,,,,,,,,,,5,,,,,,,,,,,,,,,,,,,,,,,,,,,,3,"female, wastesurvival"
3370,Ilahat of Might,85,3,18,30,22,14,14,12,2,20,16,8,8,10000,1,,1,200,,,,,,,1,1,,,1,,,,,,,,,,,,,,,,,,,,92,,,,,,,,,,,,,,,,,,,,5,,,,,,,,,,,,,,,,,,,,,,,,,,,,3,"female, wastesurvival"
3384,Sahira,23,1,18,30,12,11,11,13,3,20,14,4,4,10000,1,,1,150,,50,,2000,1,1,,,,,,1,,,,,,,,,,,,,,,,,,,674,,,,,,,,,,,,,,,,,,,,15,,5,,,,,,,,,,,,,,,,,,,,,40,,,,164,2,"magicbeing, female, wastesurvival, flying, stealthy, ethereal, spiritsight, magicpower"
3386,Ilah of the Sky,98,3,18,30,24,14,14,15,2,20,16,9,9,10000,1,,1,200,,,,,,2,,,1,,,,,,,,,,,,,,,,,,,,,,757,264,,,,,,158,249,,,,,,,,,,,,5,,15,,,,,,,,,,,,,,,,,,,,,,,,,,3,wastesurvival
3387,Ilah of the Sacred Mountain,98,3,18,30,24,12,12,12,2,20,16,9,9,10000,1,,1,200,,,,,1,,,2,,,,,,,,,,,,,,,,,,,,,,,92,,,,,,,158,249,,,,,,,,,,,,15,,,,,,,,,,,,,,,,,,,,,,,,,,,,3,"mountainsurvival, wastesurvival"
3388,Ilah of the Moon,108,6,18,30,28,12,12,8,2,20,16,9,9,10000,1,,1,200,,,,,,,,,2,,1,,,,,,,,,,,,,,,,,,,,92,758,,,,,,158,,,,,,,,,,,,,5,,,,,,,,,,,,,,,,,100,,,,,,,,,,,3,wastesurvival
3394,Serpent of the Underworld,140,17,18,30,24,13,10,10,2,14,10,10,10,10000,1,,1,100,,,,,,,,1,,1,,,,,,,,,,,,,,,,,,,,,829,836,,,,,,,,,,,,,,,100,,,15,15,,,,,,,,,,,,,,,,,,,,,-8,,,,,,,2,mountainsurvival
3395,Demiurge,150,14,18,30,24,14,10,10,2,14,10,10,10,10000,1,,1,100,,,,,,,,1,,,,1,,,,,,,,,,,,,,,,,,,822,,,,,,,,,,,,,3,,,50,,,15,,,,,,,,10,,,,,,,,,,,,,,-8,,,,,,,2,
3396,King in Yellow,66,7,20,30,18,10,12,12,2,1,12,8,8,10000,1,,1,100,,100,,10000,,,,,2,,,1,,,,,,,,,,,,,,,,,,,835,835,63,86,,,,,,,,,,,5,,,,,,,,,,1,,,,,,,,,,,,,,,,,,,,,,,,2,"magicbeing, amphibian, neednoteat, voidsanity, spiritsight"
3416,Great Archon,97,7,18,30,28,14,12,14,2,12,12,9,9,10020,1,,1,200,,,,,1,,,1,1,,,,,,,,,,,,,,,,,,,,,,760,735,735,,,,,100,250,,,,,,,,,,,,,,,,,,,,,,,,,,,,,,,,,,,,,,,,3,spiritsight
3473,Firstborn of the Smokeless Flame,58,3,18,30,25,15,13,13,2,20,18,8,8,10000,1,,1,150,,10,,,2,1,,,,,,,,,,,,,,,,,,,,,,,,,749,,,,,,,,,,,,,,,,,5,,,60,-5,5,,,,,,,,12,,,,,,,,,,,,,,,,,163,3,"magicbeing, wastesurvival, flying, stormimmune, ethereal, spiritsight, firepower, magicpower"
3632,Mother of Storms,77,3,18,30,20,12,14,14,2,20,16,8,8,10000,1,,1,150,,,,,,2,,,,,1,,,,,,,,,,,,,,,,,,,,231,584,,,,,,,,,,,,,,,,,,,,,15,,,,,,,,,,,,,,,,,,,,,,,,,138,3,"female, flying, stormimmune, stormpower"
3639,Crystal Soul,300,28,18,30,15,5,0,5,0,0,2,10,10,10000,1,,1,150,,,,,,,,1,,,,2,,,,,,,,,,,,,,,,,,,,,,,,,,,,,,,,,,,,,,25,,,,1,,1,,,,,,,,,,,,,,,,,,,,,,153,4,"inanimate, stonebeing, amphibian, immobile, neednoteat, blind, spiritsight"
3640,Dark Crystal,200,28,18,30,15,5,0,5,0,0,2,10,10,10000,1,,1,150,,,,,,,,1,2,,,,,,,,,,,,,,,,,,,,,,,,,,,,,,,,,,,,,,,,,25,,,,1,,1,,,,,,,,,,,,,,,,,,,,,,153,4,"inanimate, stonebeing, amphibian, immobile, neednoteat, blind, spiritsight"
3650,Immortal Gorgon,30,9,18,30,13,12,10,10,2,20,10,6,6,10000,1,,1,150,,,,,,,,2,,1,,,,,,,,,,,,,,,,,,,,,166,38,,,,,,,,,,,,,10,,,,,15,,,,,,,,,,,,,,,,,,,,,,,,,,,,110,2,"female, forestsurvival, flying, domimmortal, petrify"
3651,God Spider,105,19,18,30,20,15,12,5,2,3,18,9,9,10000,1,,1,100,,,,,,,,,,1,,1,,,,,,,,,,,,,,,,,,,827,261,779,,,,,,,,,,,,5,,100,,,15,,,,,,,,,,,,,,,,,,,,,,-8,,40,,,,,2,"female, forestsurvival, stealthy"
3654,Weaver of Tales,10,0,18,30,10,10,10,10,2,14,13,3,3,10000,1,,1,100,,,,500,,,,,,1,1,1,,,,,,,,,,,,,,,,,,,7,,,,,,,,,,,,,,,,,,,5,,,,,,,,,,,,,,,,,,,,,,,,40,,,,126,1,"forestsurvival, stealthy, spy"
3661,Elephant Idol,200,20,18,50,20,5,0,5,0,1,6,10,10,10000,1,,1,150,,,,,,,,1,2,,,,,,,,,,,,,,,,,,,,,,547,,,,,,,,,,,,,,,,,,,25,15,15,15,1,1,1,,,,,,,,,,,,,,,50,,,,,,,149,4,"inanimate, amphibian, neednoteat, trample, blind, spiritsight"
3662,Asura,96,3,18,30,25,12,14,12,3,20,17,9,9,10000,1,,1,200,,,,,,1,,,,1,,,1,,,,,,,,,,,,,,,,,,1,10,438,,,,,101,266,266,,,,,,,,,,,-5,,,,,,,,,,,,,,,,,,,,,,,,,,,129,3,chaospower
3692,Great Stag,119,11,18,30,22,12,14,8,2,26,30,9,9,10000,1,,1,100,,,,,,1,,,,,1,,,,,,,,,,,,,,,,,,,,829,831,,,,,,,,,,,,,,,,,,,,,,,,,,,,,,,,,,,,,,,,-8,,,,,,,2,forestsurvival
3876,Sacred Geyser,200,25,18,30,15,5,0,10,0,0,2,10,10,10000,1,,1,150,,,,,1,,2,,,,,,,,,,,,,,,,,,,,,,,,,,,,,,,,,,,,,,,,,6,,,25,,,1,,1,,,,,,,,,,,,,,,,,,,,,,107,4,"inanimate, amphibian, immobile, neednoteat, blind, spiritsight"
3894,Serpent of Heavenly Fires,115,0,18,30,24,15,14,10,2,14,10,9,9,10000,1,,1,100,,,,,1,1,,,,,,,,,,,,,,,,,,,,,,,,,827,,,,,,,,,,,,,,,,,,,15,50,,25,,,,,,,,10,,,,,,,,,,,-8,,,,,,,2,"flying, stormimmune, neednoteat, ethereal, stormpower, firepower"
3926,Devi of Strength,74,3,18,30,22,14,14,12,2,20,17,8,8,10050,1,,1,200,,,,,1,,,,1,,1,,,,,,,,,,,,,,,,,,,,466,467,,,,,,266,,,,,,,,,,,,,,,,,,,,,,,,,,,,,,,,,,,,,,,,,3,female
4001,Arch Emperor,9,0,18,30,8,13,16,10,3,1,8,2,2,10000,1,,1,150,,,,,,,,,1,,,,,,,,,,,,,,,,,,,,,,745,,,,,,,148,,,,,,,,,,,,,,,,,,,,,,,,,,,,,,,,,,,,,,,,,1,
4002,First Queen,10,0,17,12,8,8,8,12,3,14,10,3,3,10000,1,,1,150,,,,,,,,,,,,1,,,,,,,,,,,,,,,,,,,92,,,,,,,,,,,,,,,,,,,,,,,,,,,,,,,,,,,,,,,,,,,,,,,119,1,female
4003,Divine Consul,16,3,16,10,12,11,11,10,2,16,14,4,4,10000,1,,1,150,,,,,,,,,1,,,,,,,,,,,,,,,,,,,,,,7,20,,,,,,158,,,,,,,,,50,,,,,,,,,,,,,,,,,,,,,,,,,,,,,,,129,1,animal
4024,Mother Mandragora,115,4,18,30,24,14,9,8,0,20,16,8,8,10000,1,,1,50,200,10,,,,,,,,1,1,1,,,,,,,,,,,,,,,,,,,71,71,873,92,,,,,,,,,,,5,,,,,25,,5,,,,1,,,,,,,,,,,,,,,,,,,,,,110,3,"inanimate, undead, magicbeing, female, plant, forestsurvival, pooramphibian, neednoteat, spiritsight"
4025,Titan Mandragora,130,4,18,30,28,14,9,8,0,20,16,9,9,10000,1,,1,50,200,10,,,,,,,,1,2,,,,,,,,,,,,,,,,,,,,71,71,873,92,,,,,,,,,,,5,,,,,25,,5,,,,1,,,,,,,,,,,,,,,,,,,,,,109,3,"inanimate, undead, magicbeing, plant, forestsurvival, pooramphibian, neednoteat, spiritsight"
4032,Worm Soul,10,0,18,30,12,11,11,11,0,2,6,3,3,10000,1,,1,10,,,,,,,,,,,3,,,,,,,,,,,,,,,,,,,,92,,,,,,,,,,,,2,,,,,,,5,,,,1,,1,,10,,15,,,,,,,,,,,,,,,,,,,2,"forestsurvival, amphibian, immortal, neednoteat, blind"